word	count
abeg	100
abeg mek	100
abeg nau	100
abi	100
afta	100
aftanun	100
ai	100
airtime	100
ajebutter	100
akada	100
akara	100
akara-wuman	100
angri	100
anima	100
ans	100
ask	100
baba	100
bad	100
bad bad	100
baik	100
baik-man	100
bed	100
belle	100
bia	100
bifo	100
big	100
bigin	100
biko	100
bikos	100
bodi	100
boi	100
bole	100
bon	100
bor	100
boro	100
bot	100
bred	100
bring	100
brit	100
briz	100
broda	100
buk	100
bush	100
bush-mit	100
buy	100
bába	100
chai	100
che	100
chop	100
chop-moni	100
chosh	100
chukuchuku	100
dai	100
dak	100
dan	100
danfo	100
dans	100
dat	100
de	100
dea	100
dei	100
dem	100
di	100
dis	100
do	100
dodo	100
dokta	100
don	100
draiv	100
draiva	100
drink	100
driva	100
dro	100
du	100
dé	100
e	100
e choke	100
egusi	100
ehen	100
elda	100
enibodi	100
enta	100
eskep	100
evri	100
evribodi	100
fa	100
fai	100
fain	100
fals	100
famili	100
faya	100
feil	100
fest	100
fet	100
fini	100
finis	100
fisi	100
fit	100
fiva	100
flesh	100
fo	100
foget	100
folo	100
fona	100
fone	100
fren	100
fri	100
from	100
fud	100
fut	100
fó	100
garri	100
gbagbati	100
gel	100
get	100
gift	100
gist	100
giv	100
go	100
gragra	100
graund	100
gud	100
gud aftanun	100
gud moning	100
gud nait	100
gó	100
had	100
hama	100
han	100
hapen	100
hapi	100
haus	100
haw	100
haw far	100
haw yu de	100
hed	100
help	100
het	100
hevi	100
hia	100
hol	100
honta	100
hot	100
how far	100
hus	100
huself	100
I	100
I de kom	100
I no fit	100
I no sabi	100
if	100
im	100
in	100
insaid	100
insult	100
ivnin	100
ivun	100
izi	100
jara	100
jare	100
jollof	100
jomp	100
juju	100
kach	100
kainkain	100
kari	100
kari go	100
keke	100
klaim	100
klin	100
kloz	100
kofe	100
kol	100
kolekt	100
kom	100
komot	100
kontri	100
koret	100
kpangolo	100
krai	100
krokro	100
kuk	100
kwaiet	100
kwik	100
kwik kwik	100
laf	100
laif	100
lait	100
leg	100
Legos	100
len	100
lend	100
lok	100
long	100
lori	100
lov	100
luk	100
luz	100
majishan	100
mama	100
man	100
market	100
maut	100
medisin	100
mek	100
mezho	100
minit	100
mit	100
moimoi	100
moni	100
mornin	100
moto	100
mtchew	100
mugu	100
mumu	100
munt	100
na	100
na so	100
na wa	100
nah	100
Naija	100
Naijá	100
nait	100
nak	100
nau	100
neba	100
nepa	100
neva	100
nia	100
nid	100
niu	100
no	100
no vex	100
no wahala	100
noiz	100
notin	100
now-now	100
noz	100
nyu	100
o	100
oga	100
ogbono	100
ogogoro	100
okada	100
okro	100
ol	100
old-man	100
olt	100
on	100
onli	100
opin	100
opun	100
opun-ai	100
ospitul	100
outsai	100
oyibo	100
papa	100
pas	100
pati	100
pay	100
pen	100
pepa	100
pik	100
pikin	100
pipul	100
plantin	100
ple	100
ples	100
plis	100
polis	100
poo	100
potopoto	100
prais	100
pure water	100
put	100
rais	100
ren	100
respekt	100
rich	100
rid	100
rili	100
rimemba	100
rit	100
rod	100
ron	100
rong	100
rum	100
sabi	100
sad	100
san	100
sansan	100
sawa	100
se	100
sef	100
sekond	100
sel	100
sha	100
shapshap	100
sharp	100
shaut	100
shebi	100
shek	100
shop	100
shot	100
shuz	100
si	100
sidon	100
sik	100
sing	100
sinio	100
sista	100
siti	100
skeletin	100
skin	100
skul	100
slip	100
smail	100
smel	100
smoka	100
smol	100
smol smol	100
soft	100
soldia	100
som	100
somtin	100
sori	100
soteé	100
sour	100
spesha	100
spie	100
stan	100
stat	100
stil	100
stop	100
strit	100
strong	100
strong-hed	100
studet	100
sup	100
suya	100
swit	100
taim	100
taun	100
taya	100
tebul	100
ted	100
teja	100
tek	100
tenki	100
tich	100
ticha	100
tif	100
tii	100
til	100
to	100
tode	100
togeda	100
tok	100
tokunbo	100
tolotolo	100
tri	100
trut	100
trutru	100
tu mach	100
tumoro	100
una	100
vidio	100
vilej	100
wahala	100
waka	100
wan	100
want	100
wash	100
wata	100
weak	100
weit	100
wek op	100
wel	100
wel wel	100
welkom	100
wen	100
wetin	100
wetin be dis	100
wetin de	100
wetin de happen	100
wey	100
why	100
wi	100
wia	100
wie	100
wik	100
windo	100
wit	100
wok	100
woka	100
wuman	100
wét	100
yad	100
yam	100
yamayama	100
yansh	100
yarn	100
yawa	100
yes	100
yestade	100
yia	100
yong	100
yu	100
zink	100
1	10
9ja	10
abeg make	10
abeg nao	10
abeg now	10
abegi	10
abegi make	10
aftanoon	10
after	10
afternoon	10
aje butter	10
ajebo	10
all	10
already	10
am	10
angry	10
animal	10
answer	10
anybody	10
anyone	10
ass	10
bad-bad	10
barber	10
Beacause	10
beautiful	10
because	10
becos	10
beer	10
before	10
begin	10
bele	10
beli	10
bell	10
belly	10
bike	10
bike rider	10
biya	10
boddy	10
body	10
bone	10
book	10
bookish	10
borrow	10
boss	10
boy	10
bread	10
breath	10
breathe	10
breeze	10
bro	10
brother	10
bush meat	10
but	10
can	10
car	10
carry	10
carry go	10
carry-go	10
cash	10
catch	10
chair	10
children-dem	10
chop money	10
church	10
city	10
clean	10
clim	10
climb	10
close	10
coffee	10
cold	10
collect	10
com	10
come	10
come-out	10
commot	10
comot	10
cook	10
correct	10
country	10
cry	10
dad	10
dakk	10
dance	10
dark	10
day	10
deh	10
deme	10
dey	10
die	10
dise	10
docta	10
doctor	10
don't be angry	10
don't vex	10
door	10
drive	10
driver	10
drop	10
e choke!	10
easy	10
eat	10
eazy	10
echoke	10
ehhen	10
elder	10
elder dem	10
enter	10
escape	10
even	10
evenin	10
evening	10
every	10
everybody	10
extra	10
eye	10
fail	10
fake	10
false	10
family	10
far	10
fast	10
father	10
feet	10
fetch	10
fever	10
fight	10
find	10
fine	10
finish	10
finsh	10
fire	10
first	10
fis	10
fish	10
follow	10
fon	10
food	10
foot	10
for	10
forget	10
four	10
free	10
freind	10
frend	10
friend	10
gari	10
gave	10
girl	10
give	10
good	10
good afternoon	10
good morning	10
good night	10
gossip	10
got	10
ground	10
guy	10
hammer	10
hand	10
happen	10
happun	10
happy	10
hard	10
hasty	10
hate	10
head	10
heavy	10
hebi	10
helep	10
helpu	10
her	10
here	10
herself	10
hevy	10
him	10
himself	10
hit	10
hold	10
home	10
hospital	10
house	10
how	10
how you dey	10
how-far	10
howfar	10
hunter	10
I can't	10
i cannot	10
I dey come	10
i dey come	10
I don't know	10
i don't know	10
I'm coming	10
inside	10
jaree	10
job	10
jollof-rice	10
jump	10
kai-kai	10
keke-napep	10
klimb	10
knock	10
know	10
kolec	10
kon	10
Lagos	10
laugh	10
learn	10
let	10
life	10
light	10
lock	10
look	10
lorry	10
lose	10
love	10
magician	10
make	10
mauth	10
mawning	10
mchew	10
measure	10
meat	10
medicine	10
medin	10
mey	10
minute	10
minutes	10
moi moi	10
moi-moi	10
mom	10
money	10
month	10
morning	10
mother	10
mout	10
mouth	10
mud	10
na so!	10
na wa o	10
na-wa-o	10
naa	10
naah	10
Naija Pidgin	10
naw	10
nawa	10
naww	10
near	10
nearby	10
neare	10
need	10
neighbor	10
never	10
new	10
Niger	10
night	10
no problem	10
no vex!	10
noise	10
noni	10
nos	10
nose	10
not	10
nothing	10
now	10
now now	10
nownow	10
nutin	10
nyash	10
ogah	10
okra	10
okrah	10
old	10
old man	10
one	10
only	10
open	10
out	10
outside	10
oyinbo	10
paper	10
party	10
pass	10
pekin	10
people	10
people-dem	10
pesin	10
phcn	10
phone	10
pic	10
pick	10
pickin	10
pickin dem	10
pikin dem	10
pikinn	10
pipo	10
pipol	10
place	10
plantain	10
plase	10
play	10
please	10
pls	10
police	10
poor	10
present	10
price	10
problem	10
purewater	10
quick	10
quick quick	10
quick-quick	10
quiet	10
rain	10
read	10
really	10
recharge-card	10
remember	10
respect	10
rice	10
right	10
road	10
room	10
run	10
sabe	10
sachet-water	10
sand	10
say	10
school	10
sebi	10
second	10
second-hand	10
see	10
self	10
sell	10
senior	10
sey	10
shake	10
sharp sharp	10
sharp-sharp	10
shey	10
shoe	10
shoes	10
short	10
shout	10
shoutin	10
sick	10
sis	10
sister	10
sit down	10
skeleton	10
sleep	10
small	10
small small	10
small-small	10
smell	10
smile	10
smoker	10
soldier	10
some	10
something	10
sometin	10
sorry	10
sote	10
soteh	10
soup	10
speak	10
spear	10
special	10
spy	10
stand	10
start	10
still	10
stomach	10
store	10
street	10
stubborn	10
student	10
sun	10
sweet	10
table	10
take	10
talk	10
tea	10
teach	10
teacher	10
telephone	10
thank you	10
thanks	10
that	10
that's how	10
the	10
them	10
there	10
thief	10
thing	10
third	10
this	10
thorns	10
though	10
throw	10
time	10
ting	10
tired	10
today	10
together	10
tokumbo	10
tomorrow	10
too much	10
town	10
tree	10
trouble	10
troublesome	10
truck	10
true	10
truly	10
truth	10
turkey	10
u	10
unna	10
until	10
vain	10
video	10
village	10
wait	10
wake	10
wake up	10
walk	10
water	10
watin	10
wating	10
watta	10
we	10
week	10
welcome	10
well	10
well well	10
well-well	10
wetin be this	10
wetin dey	10
wetin dey happen	10
wetin dey happen?	10
weyim	10
weytin be dis	10
what	10
what is this	10
what's happening	10
when	10
where	10
which	10
white-man	10
who	10
whose	10
window	10
with	10
woman	10
won	10
work	10
worker	10
wosh	10
wota	10
write	10
wrong	10
yama yama	10
yan	10
yard	10
year	10
yesterday	10
you	10
young	10
yung	10
zinc	10
