variant	standard	entry_id
1	wan	wan
9ja	Naijá	naija
abeg	abeg	abeg
abeg make	abeg mek	abeg-mek
abeg mek	abeg mek	abeg-mek
abeg nao	abeg nau	abeg-nau
abeg nau	abeg nau	abeg-nau
abeg now	abeg nau	abeg-nau
abegi	abeg	abeg
abegi make	abeg mek	abeg-mek
abi	abi	abi
afta	afta	afta
aftanoon	aftanun	aftanun
aftanun	aftanun	aftanun
after	afta	afta
afternoon	aftanun	aftanun
ai	ai	ai
airtime	airtime	airtime
aje butter	ajebutter	ajebutter
ajebo	ajebutter	ajebutter
ajebutter	ajebutter	ajebutter
akada	akada	akada
akara	akara	akara
akara-wuman	akara-wuman	akara-wuman
all	ol	ol
already	don	don
am	im	im
angri	angri	angri
angry	angri	angri
anima	anima	anima
animal	anima	anima
ans	ans	ans
answer	ans	ans
anybody	enibodi	enibodi
anyone	enibodi	enibodi
ask	ask	ask
ass	yansh	yansh
baba	baba	baba
bad	bad	bad
bad bad	bad bad	bad-bad
bad-bad	bad bad	bad-bad
baik	baik	baik
baik-man	baik-man	baik-man
barber	bába	baba-barber
Beacause	bikos	bikos
beautiful	fain	fain
because	bikos	bikos
becos	bikos	bikos
bed	bed	bed
beer	bia	bia
before	bifo	bifo
begin	bigin	bigin
bele	belle	belle
beli	belle	belle
bell	belle	belle
belle	belle	belle
belly	belle	belle
bia	bia	bia
bifo	bifo	bifo
big	big	big
bigin	bigin	bigin
bike	baik	baik
bike rider	baik-man	baik-man
biko	biko	biko
bikos	bikos	bikos
biya	bia	bia
boddy	bodi	bodi
bodi	bodi	bodi
body	bodi	bodi
boi	boi	boi
bole	bole	bole
bon	bon	bon
bone	bon	bon
book	buk	buk
bookish	akada	akada
bor	bor	bor
boro	boro	boro
borrow	bor	bor
boss	oga	oga
bot	bot	bot
boy	boi	boi
bread	bred	bred
breath	briz	briz
breathe	brit	brit
bred	bred	bred
breeze	briz	briz
bring	bring	bring
brit	brit	brit
briz	briz	briz
bro	broda	broda
broda	broda	broda
brother	broda	broda
buk	buk	buk
bush	bush	bush
bush meat	bush-mit	bush-mit
bush-mit	bush-mit	bush-mit
but	bot	bot
buy	buy	buy
bába	bába	baba-barber
can	fit	fit
car	moto	moto
carry	kari	kari
carry go	kari go	kari-go
carry-go	kari go	kari-go
cash	kach	kach
catch	kach	kach
chai	chai	chai
chair	che	che
che	che	che
children-dem	pikin	pikin
chop	chop	chop
chop money	chop-moni	chop-moni
chop-moni	chop-moni	chop-moni
chosh	chosh	chosh
chukuchuku	chukuchuku	chukuchuku
church	chosh	chosh
city	siti	siti
clean	klin	klin
clim	klaim	klaim
climb	klaim	klaim
close	kloz	kloz
coffee	kofe	kofe
cold	kol	kol
collect	kolekt	kolekt
com	kom	kom
come	kom	kom
come-out	komot	komot
commot	komot	komot
comot	komot	komot
cook	kuk	kuk
correct	koret	koret
country	kontri	kontri
cry	krai	krai
dad	papa	papa
dai	dai	dai
dak	dak	dak
dakk	dak	dak
dan	dan	dan
dance	dan	dan
danfo	danfo	danfo
dans	dans	dans
dark	dak	dak
dat	dat	dat
day	dei	dei
de	di	di
dea	dea	dea
deh	de	de
dei	dei	dei
dem	dem	dem
deme	dem	dem
dey	dé	de-copula
di	di	di
die	dai	dai
dis	dis	dis
dise	dis	dis
do	du	du
docta	dokta	dokta
doctor	dokta	dokta
dodo	dodo	dodo
dokta	dokta	dokta
don	don	don
don't be angry	no vex	no-vex
don't vex	no vex	no-vex
door	do	do
draiv	draiv	draiv
draiva	draiva	draiva
drink	drink	drink
driva	driva	driva
drive	draiv	draiv
driver	draiva	draiva
dro	dro	dro
drop	dro	dro
du	du	du
dé	dé	de-copula
e	e	e
e choke	e choke	e-choke
e choke!	e choke	e-choke
easy	izi	izi
eat	chop	chop
eazy	izi	izi
echoke	e choke	e-choke
egusi	egusi	egusi
ehen	ehen	ehen
ehhen	ehen	ehen
elda	elda	elda
elder	elda	elda
elder dem	elda	elda
enibodi	enibodi	enibodi
enta	enta	enta
enter	enta	enta
escape	eskep	eskep
eskep	eskep	eskep
even	ivun	ivun
evenin	ivnin	ivnin
evening	ivnin	ivnin
every	evri	evri
everybody	evribodi	evribodi
evri	evri	evri
evribodi	evribodi	evribodi
extra	jara	jara
eye	ai	ai
fa	fa	fa
fai	fai	fai
fail	feil	feil
fain	fain	find
fake	fals	fals
fals	fals	fals
false	fals	fals
famili	famili	famili
family	famili	famili
far	fa	fa
fast	kwik	kwik
father	papa	papa
faya	faya	faya
feet	fut	fut
feil	feil	feil
fest	fest	fest
fet	fet	fet
fetch	fet	fet
fever	fiva	fiva
fight	fai	fai
find	fain	find
fine	fain	fain
fini	fini	fini
finis	finis	finis
finish	fini	fini
finsh	finis	finis
fire	faya	faya
first	fest	fest
fis	fisi	fisi
fish	fisi	fisi
fisi	fisi	fisi
fit	fit	fit
fiva	fiva	fiva
flesh	flesh	flesh
fo	fó	fó
foget	foget	foget
follow	folo	folo
folo	folo	folo
fon	fone	fone
fona	fona	fona
fone	fone	fone
food	fud	fud
foot	leg	leg
for	fo	fo
forget	foget	foget
four	fó	fó
free	fri	fri
freind	fren	fren
fren	fren	fren
frend	fren	fren
fri	fri	fri
friend	fren	fren
from	from	from
fud	fud	fud
fut	fut	fut
fó	fó	fó
gari	garri	garri
garri	garri	garri
gave	giv	giv
gbagbati	gbagbati	gbagbati
gel	gel	gel
get	get	get
gift	gift	gift
girl	gel	gel
gist	gist	gist
giv	giv	giv
give	giv	giv
go	go	go
good	gud	gud
good afternoon	gud aftanun	gud-afternoon
good morning	gud moning	gud-moning
good night	gud nait	gud-nait
gossip	gist	gist
got	get	get
gragra	gragra	gragra
graund	graund	graund
ground	graund	graund
gud	gud	gud
gud aftanun	gud aftanun	gud-afternoon
gud moning	gud moning	gud-moning
gud nait	gud nait	gud-nait
guy	man	man
gó	gó	go-past
had	had	had
hama	hama	hama
hammer	hama	hama
han	han	han
hand	han	han
hapen	hapen	hapen
hapi	hapi	hapi
happen	hapen	hapen
happun	hapen	hapen
happy	hapi	hapi
hard	had	had
hasty	gragra	gragra
hate	het	het
haus	haus	haus
haw	haw	haw
haw far	haw far	haw-far
haw yu de	haw yu de	haw-yu-de
head	hed	hed
heavy	hevi	hevi
hebi	abi	abi
hed	hed	hed
helep	help	help
help	help	help
helpu	help	help
her	im	im
here	hia	hia
herself	huself	huself
het	het	het
hevi	hevi	hevi
hevy	hevi	hevi
hia	hia	hia
him	im	im
himself	huself	huself
hit	nak	nak
hol	hol	hol
hold	hol	hol
home	haus	haus
honta	honta	honta
hospital	ospitul	ospitul
hot	hot	hot
house	haus	haus
how	haw	haw
how far	haw far	haw-far
how you dey	haw far	haw-far
how-far	how far	how-far
howfar	how far	how-far
hunter	honta	honta
hus	hus	hus
huself	huself	huself
I	I	i
i	I	i
I can't	I no fit	i-no-fit
i cannot	I no fit	i-no-fit
I de kom	I de kom	i-de-kom
I dey come	I de kom	i-de-kom
i dey come	I de kom	i-de-kom
I don't know	I no sabi	i-no-sabi
i don't know	I no sabi	i-no-sabi
I no fit	I no fit	i-no-fit
i no fit	I no fit	i-no-fit
I no sabi	I no sabi	i-no-sabi
i no sabi	I no sabi	i-no-sabi
I'm coming	I de kom	i-de-kom
if	if	if
im	im	im
in	in	in
insaid	insaid	insaid
inside	in	in
insult	insult	insult
ivnin	ivnin	ivnin
ivun	ivun	ivun
izi	izi	izi
jara	jara	jara
jare	jare	jare
jaree	jare	jare
job	wok	wok-job
jollof	jollof	jollof
jollof-rice	jollof	jollof
jomp	jomp	jomp
juju	juju	juju
jump	jomp	jomp
kach	kach	kach
kai-kai	ogogoro	ogogoro
kainkain	kainkain	kainkain
kari	kari	kari
kari go	kari go	kari-go
keke	keke	keke
keke-napep	keke	keke
klaim	klaim	klaim
klimb	klaim	klaim
klin	klin	klin
kloz	kloz	kloz
knock	nak	nak
know	sabi	sabi
kofe	kofe	kofe
kol	kol	kol
kolec	kolekt	kolekt
kolekt	kolekt	kolekt
kom	kom	kom
komot	komot	komot
kon	kom	kom
kontri	kontri	kontri
koret	koret	koret
kpangolo	kpangolo	kpangolo
krai	krai	krai
krokro	krokro	krokro
kuk	kuk	kuk
kwaiet	kwaiet	kwaiet
kwik	kwik	kwik
kwik kwik	kwik kwik	kwik-kwik
laf	laf	laf
Lagos	Legos	legos
laif	laif	laif
lait	lait	lait
laugh	laf	laf
learn	len	len
leg	leg	leg
Legos	Legos	legos
len	len	len
lend	lend	lend
let	mek	mek
life	laif	laif
light	lait	lait
lock	lok	lok
lok	lok	lok
long	long	long
look	luk	luk
lori	lori	lori
lorry	lori	lori
lose	luz	luz
lov	lov	lov
love	lov	lov
luk	luk	luk
luz	luz	luz
magician	majishan	majishan
majishan	majishan	majishan
make	mek	mek
mama	mama	mama
man	man	man
market	market	market
maut	maut	maut
mauth	maut	maut
mawning	mornin	mornin
mchew	mtchew	mtchew
measure	mezho	mezho
meat	mit	mit
medicine	medisin	medisin
medin	medisin	medisin
medisin	medisin	medisin
mek	mek	mek
mey	mek	mek
mezho	mezho	mezho
minit	minit	minit
minute	minit	minit
minutes	minit	minit
mit	mit	mit
moi moi	moimoi	moimoi
moi-moi	moimoi	moimoi
moimoi	moimoi	moimoi
mom	mama	mama
money	moni	moni
moni	moni	moni
month	munt	munt
mornin	mornin	mornin
morning	mornin	mornin
mother	mama	mama
moto	moto	moto
mout	maut	maut
mouth	maut	maut
mtchew	mtchew	mtchew
mud	potopoto	potopoto
mugu	mugu	mugu
mumu	mumu	mumu
munt	munt	munt
na	na	na
na so	na so	na-so
na so!	na so	na-so
na wa	na wa	na-wa
na wa o	na wa	na-wa
na-wa-o	na wa	na-wa
naa	nah	nah
naah	nah	nah
nah	nah	nah
Naija	Naijá	naija
Naija Pidgin	Naijá	naija
Naijá	Naijá	naija
nait	nait	nait
nak	nak	nak
nau	nau	nau
naw	nau	nau
nawa	na wa	na-wa
naww	nau	nau
near	nia	nia
nearby	nia	nia
neare	nia	nia
neba	neba	neba
need	nid	nid
neighbor	neba	neba
nepa	nepa	nepa
neva	neva	neva
never	neva	neva
new	nyu	nyu
nia	nia	nia
nid	nid	nid
Niger	Naija	naija-river
night	nait	nait
niu	niu	niu
no	no	no
no problem	no wahala	no-wahala
no vex	no vex	no-vex
no vex!	no vex	no-vex
no wahala	no wahala	no-wahala
noise	noiz	noiz
noiz	noiz	noiz
noni	moni	moni
nos	noz	noz
nose	noz	noz
not	no	no
nothing	notin	notin
notin	notin	notin
now	nau	nau
now now	now-now	now-now
now-now	now-now	now-now
nownow	now-now	now-now
noz	noz	noz
nutin	notin	notin
nyash	yansh	yansh
nyu	nyu	nyu
o	o	o
oga	oga	oga
ogah	oga	oga
ogbono	ogbono	ogbono
ogogoro	ogogoro	ogogoro
okada	okada	okada
okra	okro	okro
okrah	okro	okro
okro	okro	okro
ol	ol	ol
old	olt	olt
old man	old-man	old-man
old-man	old-man	old-man
olt	olt	olt
on	on	on
one	wan	wan
onli	onli	onli
only	onli	onli
open	opun	opun
opin	opin	opin
opun	opun	opun
opun-ai	opun-ai	opun-ai
ospitul	ospitul	ospitul
out	outsai	outsai
outsai	outsai	outsai
outside	outsai	outsai
oyibo	oyibo	oyibo
oyinbo	oyibo	oyibo
papa	papa	papa
paper	pepa	pepa
party	pati	pati
pas	pas	pas
pass	pas	pas
pati	pati	pati
pay	pay	pay
pekin	pikin	pikin
pen	pen	pen
people	pipul	pipul
people-dem	pipul	pipul
pepa	pepa	pepa
pesin	pipul	pipul
phcn	nepa	nepa
phone	fona	fona
pic	pik	pik
pick	pik	pik
pickin	pikin	pikin
pickin dem	pikin	pikin
pik	pik	pik
pikin	pikin	pikin
pikin dem	pikin	pikin
pikinn	pikin	pikin
pipo	pipul	pipul
pipol	pipul	pipul
pipul	pipul	pipul
place	ples	ples
plantain	plantin	plantin
plantin	plantin	plantin
plase	ples	ples
play	ple	ple
ple	ple	ple
please	abeg	abeg
ples	ples	ples
plis	plis	plis
pls	plis	plis
police	polis	polis
polis	polis	polis
poo	poo	poo
poor	poo	poo
potopoto	potopoto	potopoto
prais	prais	prais
present	gift	gift
price	prais	prais
problem	wahala	wahala
pure water	pure water	pure-water
purewater	pure water	pure-water
put	put	put
quick	kwik	kwik
quick quick	kwik kwik	kwik-kwik
quick-quick	kwik kwik	kwik-kwik
quiet	kwaiet	kwaiet
rain	ren	ren
rais	rais	rais
read	rid	rid
really	trutru	trutru
recharge-card	airtime	airtime
remember	rimemba	rimemba
ren	ren	ren
respect	respekt	respekt
respekt	respekt	respekt
rice	rais	rais
rich	rich	rich
rid	rid	rid
right	koret	koret
rili	rili	rili
rimemba	rimemba	rimemba
rit	rit	rit
road	rod	rod
rod	rod	rod
ron	ron	ron
rong	rong	rong
room	rum	rum
rum	rum	rum
run	ron	ron
sabe	sabi	sabi
sabi	sabi	sabi
sachet-water	pure water	pure-water
sad	sad	sad
san	san	san
sand	sansan	sansan
sansan	sansan	sansan
sawa	sawa	sawa
say	se	se
school	skul	skul
se	se	se
sebi	shebi	shebi
second	sekond	sekond
second-hand	tokunbo	tokunbo
see	si	si
sef	sef	sef
sekond	sekond	sekond
sel	sel	sel
self	sef	sef
sell	sel	sel
senior	sinio	sinio
sey	se	se
sha	sha	sha
shake	shek	shek
shapshap	shapshap	shapshap
sharp	sharp	sharp
sharp sharp	shapshap	shapshap
sharp-sharp	shapshap	shapshap
shaut	shaut	shaut
shebi	abi	abi
shek	shek	shek
shey	abi	abi
shoe	shuz	shuz
shoes	shuz	shuz
shop	shop	shop
short	shot	shot
shot	shot	shot
shout	shaut	shaut
shoutin	shaut	shaut
shuz	shuz	shuz
si	si	si
sick	sik	sik
sidon	sidon	sidon
sik	sik	sik
sing	sing	sing
sinio	sinio	sinio
sis	sista	sista
sista	sista	sista
sister	sista	sista
sit down	sidon	sidon
siti	siti	siti
skeletin	skeletin	skeletin
skeleton	skeletin	skeletin
skin	skin	skin
skul	skul	skul
sleep	slip	slip
slip	slip	slip
smail	smail	smail
small	smol	smol
small small	smol smol	smol-smol
small-small	smol smol	smol-smol
smel	smel	smel
smell	smel	smel
smile	smail	smail
smoka	smoka	smoka
smoker	smoka	smoka
smol	smol	smol
smol smol	smol smol	smol-smol
soft	soft	soft
soldia	soldia	soldia
soldier	soldia	soldia
som	som	som
some	som	som
something	somtin	somtin
sometin	somtin	somtin
somtin	somtin	somtin
sori	sori	sori
sorry	sori	sori
sote	soteé	sote
soteh	soteé	sote
soteé	soteé	sote
soup	sup	sup
sour	sour	sour
speak	tok	tok
spear	spie	spie
special	spesha	spesha
spesha	spesha	spesha
spie	spie	spie
spy	spie	spie
stan	stan	stan
stand	stan	stan
start	stat	stat
stat	stat	stat
stil	stil	stil
still	stil	stil
stomach	belle	belle
stop	stop	stop
store	shop	shop
street	strit	strit
strit	strit	strit
strong	strong	strong
strong-hed	strong-hed	strong-hed
stubborn	strong-hed	strong-hed
student	studet	studet
studet	studet	studet
sun	san	san
sup	sup	sup
suya	suya	suya
sweet	swit	swit
swit	swit	swit
table	tebul	tebul
taim	taim	taim
take	tek	tek
talk	tok	tok
taun	taun	taun
taya	taya	taya
tea	tii	tii
teach	tich	tich
teacher	ticha	ticha
tebul	tebul	tebul
ted	ted	ted
teja	teja	teja
tek	tek	tek
telephone	fone	fone
tenki	tenki	tenki
thank you	tenki	tenki
thanks	tenki	tenki
that	dat	dat
that's how	na so	na-so
the	di	di
them	dem	dem
there	dea	dea
thief	tif	tif
thing	somtin	somtin
third	ted	ted
this	dis	dis
thorns	chukuchuku	chukuchuku
though	sha	sha
throw	dro	dro
tich	tich	tich
ticha	ticha	ticha
tif	tif	tif
tii	tii	tii
til	til	til
time	taim	taim
ting	somtin	somtin
tired	taya	taya
to	to	to
today	tode	tode
tode	tode	tode
togeda	togeda	togeda
together	togeda	togeda
tok	tok	tok
tokumbo	tokunbo	tokunbo
tokunbo	tokunbo	tokunbo
tolotolo	tolotolo	tolotolo
tomorrow	tumoro	tumoro
too much	tu mach	tu-mach
town	taun	taun
tree	tri	tri
tri	tri	tri
trouble	wahala	wahala
troublesome	gbagbati	gbagbati
truck	lori	lori
true	trut	trut
truly	trutru	trutru
trut	trut	trut
truth	trut	trut
trutru	trutru	trutru
tu mach	tu mach	tu-mach
tumoro	tumoro	tumoro
turkey	tolotolo	tolotolo
u	yu	yu
una	una	una
unna	una	una
until	til	til
vain	fain	find
video	vidio	vidio
vidio	vidio	vidio
vilej	vilej	vilej
village	vilej	vilej
wahala	wahala	wahala
wait	wét	wét
waka	waka	waka
wake	wek op	wok-op
wake up	wek op	wok-op
walk	waka	waka
wan	wan	wan
want	want	want
wash	wash	wash
wata	wata	wata
water	wata	wata
watin	wetin	wetin
wating	wetin	wetin
watta	wata	wata
we	wi	wi
weak	weak	weak
week	wik	wik
weit	weit	weit
wek op	wek op	wok-op
wel	wel	wel
wel wel	wel wel	wel-wel
welcome	welkom	welkom
welkom	welkom	welkom
well	wel	wel
well well	wel wel	wel-wel
well-well	wel wel	wel-wel
wen	wen	wen
wetin	wetin	wetin
wetin be dis	wetin be dis	wetin-be-dis
wetin be this	wetin be dis	wetin-be-dis
wetin de	wetin de	wetin-de
wetin de happen	wetin de happen	wetin-de-happen
wetin dey	wetin de	wetin-de
wetin dey happen	wetin de happen	wetin-de-happen
wetin dey happen?	wetin de happen	wetin-de-happen
wey	wey	wey
weyim	wetin	wetin
weytin be dis	wetin be dis	wetin-be-dis
what	wetin	wetin
what is this	wetin be dis	wetin-be-dis
what's happening	wetin de happen	wetin-de-happen
when	wen	wen
where	wia	wia
which	wey	wey
white-man	oyibo	oyibo
who	wey	wey
whose	hus	hus
why	why	why
wi	wi	wi
wia	wia	wia
wie	wie	wie
wik	wik	wik
windo	windo	windo
window	windo	windo
wit	wit	wit
with	wit	wit
wok	wok	wok
woka	woka	woka
woman	wuman	wuman
won	want	want
work	wok	wok
worker	woka	woka
wosh	wash	wash
wota	wata	wata
write	rit	rit
wrong	rong	rong
wuman	wuman	wuman
wét	wét	wét
yad	yad	yad
yam	yam	yam
yama yama	yamayama	yamayama
yamayama	yamayama	yamayama
yan	yarn	yarn
yansh	yansh	yansh
yard	yad	yad
yarn	yarn	yarn
yawa	yawa	yawa
year	yia	yia
yes	yes	yes
yestade	yestade	yestade
yesterday	yestade	yestade
yia	yia	yia
yong	yong	yong
you	yu	yu
young	yong	yong
yu	yu	yu
yung	yong	yong
zinc	zink	zink
zink	zink	zink
